Valores Reales,Predicciones,Error Absoluto
0.2688981645784646,0.37962148956759756,0.11072332498913295
0.9757183288046721,0.918370340050491,0.05734798875418112
0.5249879422756969,0.08271486742628198,0.4422730748494149
0.015328690820737956,0.009458598092454399,0.005870092728283557
0.09148890818548205,0.31384042926151334,0.2223515210760313
0.460785232203652,0.41821288723886463,0.042572344964787345
0.968771746313125,1.0366852663872859,0.06791352007416085
0.6111663326362063,0.5174502798393974,0.09371605279680895
0.34348900542455885,0.3351752776351046,0.008313727789454273
0.849990849499545,0.8034833245656561,0.04650752493388888
0.696710717085171,0.7514153486437805,0.054704631558609496
0.42423094128712113,0.28558773811262356,0.13864320317449758
0.9245690192041779,0.9959943329965809,0.07142531379240302
0.30918052770101545,0.282577528703759,0.026602998997256433
0.5568822528263109,0.3779907268532151,0.17889152597309577
0.678089793068609,0.7448983419213985,0.06680854885278953
0.9521771594286477,0.9645493338704323,0.012372174441784622
0.4450967343825629,0.38717233708290866,0.05792439729965426
0.5875271459327446,0.44750999770118627,0.1400171482315583
0.7745127776951632,0.6405990099977614,0.13391376769740182
0.84381118784356,0.6487691619400393,0.1950420259035207
0.3035736373791855,0.39711790421996074,0.09354426684077521
0.11427114627549939,0.18133191184872952,0.06706076557323012
0.2216792310253356,0.27389839591641846,0.05221916489108286
0.582059872013664,0.570039009317417,0.012020862696247026
0.5984543484629574,0.543044048880148,0.05541029958280941
0.992498114150105,0.9531237044784451,0.03937440967165995
0.8642763039083239,0.8448959954311231,0.019380308477200736
0.912267601768624,0.9010412962562399,0.011226305512384127
0.22292220607095448,0.179724822082264,0.04319738398869047
0.9872143338353876,1.068149275040292,0.0809349412049043
0.906436143760757,0.9307506230182947,0.024314479257537713
0.29592895258595386,0.4062663957186797,0.11033744313272581
0.09576603473847001,0.1594698787708047,0.0637038440323347
0.3883419113292389,0.4325524507213523,0.04421053939211339
0.9253647898759585,0.9263634769196485,0.0009986870436899942
0.5658561769657773,0.5617865375925185,0.004069639373258771
0.06643009885904605,0.1928370552162161,0.12640695635717006
0.32372369574683313,0.23277655465577277,0.09094714109106036
0.02210041831798648,-0.025755007465311792,0.047855425783298274
0.9230775969063668,0.8783384001860246,0.04473919672034221
0.638993584958496,0.8234077649699207,0.18441418001142473
0.17653772019505365,0.2273925542529339,0.050854834057880244
0.8479678485708902,0.9167131965825241,0.0687453480116339
0.8942688751073774,0.9202814987698084,0.026012623662430956
0.5155954896461173,0.6037748712690362,0.08817938162291883
0.8170710449531492,0.9208505776656757,0.10377953271252649
0.7808598029988564,0.7843540661210775,0.0034942631222211196
0.29669650813730364,0.19705071973208477,0.09964578840521887
0.5436756562694511,0.6022242058377988,0.05854854956834765
0.4318413267538539,0.6002708380633974,0.16842951130954353
0.45875964281086223,0.6116327050042135,0.15287306219335128
0.30603368244726015,0.29595626542845466,0.01007741701880549
0.7773418125053914,0.7306327021766637,0.04670911032872771
0.0009803429845957057,-0.13633567952222853,0.13731602250682423
0.8978496090175436,0.9081123841162582,0.010262775098714538
0.9855572574957827,0.918813440131445,0.06674381736433777
0.077881739946985,0.12418861384444588,0.04630687389746088
0.7527685797610412,0.8942691446074128,0.14150056484637163
0.8539618579402386,0.9257046142816306,0.07174275634139204
0.19906206668860082,0.16697573338210267,0.032086333306498155
0.42081101987170244,0.32142416501157456,0.09938685486012788
0.6321966598829989,0.5735334949243028,0.05866316495869606
0.4684836032771531,0.3807847594917701,0.08769884378538301
0.7697603839651106,0.6945071317856455,0.0752532521794651
0.7591331732186974,0.75057435103256,0.00855882218613746
0.909846255584319,0.8359749969290354,0.07387125865528354
0.6432518080703338,0.7037636031497999,0.060511795079466135
0.4242596719996752,0.34928667752673626,0.07497299447293893
0.808577767922319,0.9091150745043202,0.10053730658200122
0.21147602791561637,0.2263605393714089,0.014884511455792532
0.35557474188869276,0.30307361081510686,0.052501131073585894
0.9172581883548405,0.7144500277914003,0.2028081605634402
0.22023734366533343,0.08030761251004584,0.1399297311552876
0.7762609494498416,0.8524139796319923,0.0761530301821507
0.9630329003536794,0.7912419163273314,0.17179098402634796
0.7235831079764745,0.5508933276793807,0.1726897802970938
0.3556312794809364,0.575524887253726,0.21989360777278955
0.712144426065469,0.8205205961370516,0.10837617007158262
0.33341277454970564,0.44696237073803585,0.11354959618833022
0.8290188983805269,0.8425725658854719,0.013553667504945022
0.7916767472968426,1.0263042960673296,0.23462754877048708
0.037652915926838504,0.02780099500997657,0.009851920916861934
0.5989678535457459,0.7213263275995375,0.12235847405379163
0.25776165530277806,0.4085763101503487,0.15081465484757062
0.7399244617541942,0.6785090775671625,0.06141538418703174
0.9656142328929206,1.0666355914958063,0.10102135860288575
0.4279948088429456,0.3458642646891677,0.0821305441537779
0.2707909437999848,0.22676448198373567,0.04402646181624914
0.3881709942776952,0.27154861062889923,0.11662238364879596
0.2639708449416954,0.20215689104874685,0.06181395389294858
0.6383679989854527,0.6620557670243907,0.023687768038938017
0.4894775175674583,0.4987895013517413,0.009311983784283051
0.8954859480524306,0.8006771908172108,0.09480875723521986
0.9393793332138867,0.9533875202447288,0.014008187030842167
0.6322702595158162,0.5580366492585166,0.07423361025729958
0.467151271734197,0.5337724081356434,0.0666211364014464
0.16388601898207444,0.10964444676332906,0.054241572218745385
0.6632305424360356,0.6924357581122852,0.029205215676249563
0.3237966476260147,0.26829154677756883,0.05550510084844584
0.9954727684386582,1.0507349287296437,0.05526216029098552
0.7815713400927183,0.7968929871624719,0.015321647069753586
0.13567279328215864,0.06563584566885321,0.07003694761330544
0.23350728572295487,0.2500383257785919,0.016531040055637047
0.812693705730459,0.7685160533650739,0.04417765236538507
0.9554578579324505,1.1129177209319336,0.1574598629994831
0.2546395100720623,0.21547383442725557,0.03916567564480675
0.7890174456043526,0.9382718423453618,0.14925439674100915
0.5657841651234592,0.5446115720713689,0.021172593052090294
0.44043851780078613,0.28559701778021285,0.15484150002057329
0.8575174236920451,1.010705548192877,0.15318812450083197
0.3826545963437743,0.3872223363129783,0.00456773996920401
0.8945473428216564,0.6173699683127973,0.27717737450885904
0.6759665592954525,0.594512690190919,0.08145386910453345
0.637311213516293,0.29279077298425027,0.3445204405320428
0.46904376383821034,0.44806402683325697,0.02097973700495337
0.5426955935457171,0.5767702073694814,0.03407461382376431
0.5420428075358265,0.5066782112718138,0.03536459626401267
0.5385805785993063,0.4743599688702724,0.06422060972903393
0.362952687752658,0.41142474899195425,0.04847206123929626
0.34558943892732497,0.4343195313610869,0.08873009243376195
0.1782699876724233,0.07206154337641373,0.10620844429600958
0.6627032521053667,0.6467792746194915,0.015923977485875263
0.25344497307252845,0.20439921927866986,0.04904575379385859
0.7622849043273467,0.658247695898644,0.10403720842870279
0.27149773532587873,0.34227767376372864,0.07077993843784991
0.3439655078194763,0.2569119528893569,0.0870535549301194
0.06283871003892971,0.13999809430663485,0.07715938426770513
0.1388120942515173,-0.10523768396415831,0.2440497782156756
0.2849300471864745,0.2728269439328242,0.012103103253650327
0.18968064872559787,-0.09949971241046207,0.28918036113605994
0.8300534496332639,0.745813833263113,0.08423961637015087
0.48814736685268667,0.5607898619554763,0.07264249510278964
0.49335671731109365,0.48157737599325623,0.011779341317837422
0.9703098990171521,0.9120835298744224,0.05822636914272972
0.17862681198299113,0.2770879282469967,0.09846111626400555
0.03328893104202524,0.08639409710192794,0.0531051660599027
0.5650704266353029,0.6083298007444538,0.04325937410915082
0.09859653102912203,0.12567831572880173,0.0270817846996797
0.5697410912785618,0.6419941218156536,0.07225303053709187
0.5201526674516428,0.6640475834016746,0.1438949159500318
0.5875928402994757,0.6245353697661674,0.03694252946669174
0.963908135149863,0.9718983127802938,0.007990177630430861
0.7246712503568548,0.7094607703026143,0.015210480054240416
0.5692878825302509,0.6671748280146209,0.09788694548437005
0.04814933367170604,0.20219149394344219,0.15404216027173614
0.35963207314401935,0.33787503917400136,0.02175703397001799
0.20329270595112536,-0.04742719426503911,0.25071990021616447
0.035071479577276854,0.23754503092772683,0.20247355135044998
0.6904208769785534,0.8515838765974777,0.16116299961892433
0.48557223201967337,0.4093849159245601,0.07618731609511326
0.24265209874187332,0.3483295041222496,0.10567740538037629
0.2598262403238881,0.17349130419296357,0.08633493613092455
0.5884276408525626,0.4468706624263282,0.14155697842623438
0.298403106592557,0.3469950105286663,0.04859190393610935
0.5941445221490627,0.5250456646950484,0.06909885745401423
0.8544620866106278,0.9589971718349817,0.10453508522435384
0.8938048352482321,0.7669637482966699,0.12684108695156215
0.11447905505974632,0.07468050780266308,0.03979854725708323
0.9022975508775192,0.9336649111188862,0.03136736024136699
0.9092872814850393,0.8819498243573268,0.027337457127712517
0.10511126872146148,0.22515234901973938,0.1200410802982779
0.34335983023379213,0.3310602583885288,0.012299571845263313
0.2591836640033772,0.17089184434129073,0.08829181966208649
0.6849511726587453,0.680870427836487,0.0040807448222582865
0.34387529213118617,0.5287431683913744,0.1848678762601882
0.03665388920493484,0.08178712930382569,0.045133240098890845
0.9900803661639873,1.024135872137608,0.034055505973620614
0.12223388926279088,0.030399141219940015,0.09183474804285087
0.09746987473888868,0.05156372071368088,0.045906154025207806
0.9230251448996122,1.1035289831787103,0.1805038382790981
0.30795561862693366,0.3205915275381798,0.012635908911246163
0.5933824819108736,0.4049222775989539,0.18846020431191973
0.05207405183306768,-0.1830688549445596,0.23514290677762728
0.47948483638128325,0.35563036775911844,0.12385446862216482
0.529102641206755,0.5446738866220857,0.015571245415330726
0.6662130702833926,0.7562908314925497,0.09007776120915711
0.4798943151366897,0.5586067165391997,0.07871240140251001
0.5534880938153092,0.38075754186011557,0.1727305519551936
0.832879817918454,0.870532781710827,0.03765296379237304
0.15020705852102367,-0.07748967630285242,0.2276967348238761
0.8280895803225926,0.7443906328695447,0.08369894745304796
0.6110565622870786,0.4846913620376559,0.12636520024942272
0.24835126089326853,0.2885238912706875,0.04017263037741897
0.7133122171096161,0.7598341077291065,0.046521890619490414
0.48164752074515604,0.5644957646541473,0.08284824390899126
0.34338814241609983,0.41342735356071775,0.07003921114461792
0.14887379635393239,0.018369715721668123,0.13050408063226426
0.9724791088583107,0.9495257413804671,0.0229533674778436
0.6717728623225279,0.8198611399055253,0.14808827758299747
0.4874309705376011,0.3937947559938268,0.0936362145437743
0.9907562534239253,1.07133690450625,0.0805806510823247
0.9203526822175385,0.8090651436647414,0.11128753855279716
0.6224161815709046,0.6244734627045498,0.002057281133645228
0.204870252193194,0.508946213941003,0.30407596174780904
0.3548920347770065,0.2283037558373442,0.1265882789396623
0.24335022781332494,0.15668205541016214,0.0866681724031628
0.28664916470523116,0.24007715257781845,0.046572012127412715
0.35475152565109536,0.48152814239953556,0.1267766167484402
0.716695565331548,0.7689762115117937,0.05228064618024575
0.8154500909771425,0.8951872580009023,0.07973716702375977
0.5019061192831133,0.541400207191539,0.03949408790842568
0.10694334619278867,0.08533130183538024,0.021612044357408433
0.37163415625149354,0.28735022078755657,0.08428393546393698
0.71721908436066,0.7427169556765022,0.025497871315842247
0.9022984429794566,0.9503678056175363,0.048069362638079705
0.35453665432309955,0.49390636654324566,0.1393697122201461
0.9330190688633584,0.7341669194261395,0.19885214943721885
0.7879877441148294,1.028123876759798,0.24013613264496858
0.1387708935030605,-0.014466576068791176,0.15323746957185166
0.011659284472917975,0.152547597585427,0.14088831311250902
0.17018116590612054,0.052864485494035385,0.11731668041208515
0.5685032843119501,0.6062727069006182,0.03776942258866811
0.2903588445075259,0.26711425770451086,0.023244586803015055
0.0453640280569686,0.2133362049685594,0.1679721769115908
0.12490389583381512,0.07642123368352466,0.048482662150290456
0.2717965681941813,0.3201513301912263,0.048354761997045026
0.34574049982831023,0.15110230049871773,0.1946381993295925
0.8288263761637361,0.853580285122554,0.024753908958817905
0.2284027120851455,0.1505520685855496,0.07785064349959592
0.6071188895066907,0.6744517612674935,0.06733287176080283
0.08644715370575695,-0.0026815616887764376,0.08912871539453339
0.4838983911915796,0.37921671300900545,0.10468167818257418
0.37095426571551593,0.18272634657438214,0.1882279191411338
0.9202022700544112,0.8537772508073086,0.06642501924710265
0.8830928262855255,1.0527440989068175,0.16965127262129198
0.6086534575218988,0.819348206856567,0.21069474933466814
0.5316949987225463,0.5811693600371294,0.04947436131458305
0.6955558406723359,0.7718768638266978,0.07632102315436196
0.04186109406393257,0.23315245066514656,0.191291356601214
0.22002872992877032,0.17639460454785472,0.0436341253809156
0.4439096415030964,0.43765843829395396,0.006251203209142464
0.7692337688918132,0.9420006364508693,0.17276686755905613
0.2729149210287156,0.2407031994223923,0.032211721606323324
0.21607772324330432,0.2083259974858622,0.007751725757442124
0.22354815841341547,0.26686381061782133,0.04331565220440586
0.18872915080872754,0.10623340351827515,0.08249574729045239
0.6919315821225537,0.7379733612209276,0.046041779098373925
0.6771366351309351,0.5095031592854468,0.16763347584548838
0.5986404569207335,0.5232935072591576,0.07534694966157596
0.4674719582855903,0.41148121064281495,0.05599074764277534
0.9066545056865121,0.7774411817366306,0.1292133239498815
0.5958410151930305,0.4937194316189647,0.10212158357406576
0.4022543551497344,0.4054977212236595,0.0032433660739251136
0.5729271914052765,0.5123346232186694,0.060592568186607076
0.623849012102193,0.6375537882539933,0.013704776151800324
0.4738511777372938,0.39929938344796306,0.07455179428933073
0.048579713286489246,-0.09671241989919277,0.14529213318568202
0.5952814951667851,0.5779413826767763,0.017340112490008774
0.9391352524175435,0.8812141763553275,0.05792107606221597
0.20910929482312324,0.242238712066903,0.03312941724377977
0.07773743421281754,-0.022529679633211938,0.10026711384602947
0.9834450398827522,1.0350541829381306,0.05160914305537834
0.39349572056376814,0.3857246194616184,0.007771101102149736
0.5713535649061039,0.545020491981021,0.026333072925082912
0.054999682079372114,0.15970709971661823,0.10470741763724611
0.14672781057095652,0.13736692843782802,0.009360882133128495
0.06018883390673868,0.2303304591380306,0.17014162523129192
0.15012143069093664,0.036293517215113064,0.11382791347582358
0.5046700468826956,0.46846131778719174,0.03620872909550382
0.8209820399545811,0.717417859854643,0.10356418009993806
0.7135427689650686,0.7024923854696609,0.011050383495407767
0.4346931117438769,0.34038707111793653,0.09430604062594039
0.40704436164299607,0.38480467124200135,0.022239690400994716
0.07972220754983295,0.026730591879528594,0.05299161567030435
0.9370999446936847,1.0164303626615516,0.07933041796786688
0.5341515373150095,0.4771936844179654,0.05695785289704414
0.38323544425783473,0.3922609795970211,0.009025535339186375
0.34992714130947067,0.20657229768661903,0.14335484362285164
0.13704075522742976,0.1482989683134932,0.011258213086063451
0.10400769710664426,0.0794049930594063,0.024602704047237953
0.3618512526209112,0.32166975563069194,0.04018149699021928
0.5952013356224993,0.571002618837847,0.024198716784652352
0.753864546120798,0.8050032955642024,0.05113874944340435
0.2898619087755838,0.3854142904230735,0.09555238164748969
0.4918014605645932,0.5665563412606375,0.0747548806960443
0.8027318995386521,0.9430554626195002,0.14032356308084815
0.4947772527365588,0.31734576448572416,0.17743148825083466
0.6211317603543595,0.4634048999470972,0.15772686040726225
0.5962653629649018,0.4652814517714099,0.13098391119349195
0.4717523878783424,0.16132358690088283,0.31042880097745956
0.2060935954042734,0.04177073786812019,0.16432285753615322
0.43532847830071686,0.5946435419845151,0.15931506368379822
0.10101066414142923,0.06679367055022303,0.034216993591206196
0.1483531111967512,0.09861991254166981,0.0497331986550814
0.5094102337832752,0.5652178803532584,0.05580764656998316
0.4975602582690992,0.5220961985286747,0.024535940259575506
0.31391735388286446,0.3168014197346401,0.0028840658517756412
0.8897730976205519,0.8514245653371917,0.038348532283360215
0.8279013646530564,0.8422128136331042,0.01431144898004777
0.5621437593336874,0.5270814823105114,0.03506227702317599
0.7426203170503975,0.6373587748082503,0.10526154224214723
0.5971005984077314,0.6514340607875981,0.05433346237986669
0.15140899707387234,0.29381190638737853,0.1424029093135062
0.149471343855465,0.01561396057439865,0.13385738328106636
0.5463406624478815,0.6654029433053923,0.1190622808575108
0.2475753684678852,0.17713782757413415,0.07043754089375104
0.5804522693585009,0.7158678313473549,0.13541556198885396
0.8370868232512,0.9784730431614342,0.14138621991023426
0.4687089986071288,0.5457117794752332,0.07700278086810441
0.9229060031594296,0.9614271216072472,0.03852111844781758
0.6172167686733391,0.7359624703031992,0.11874570162986009
0.9387842557900865,0.8550960649398038,0.08368819085028267
0.6302185101472266,0.6566126764562492,0.026394166309022582
0.8445002340172423,0.9936641919181726,0.1491639579009303
0.7741425131774818,0.7645560296007332,0.009586483576748628
0.7093696405345674,0.6844109826821826,0.024958657852384825
0.2706745104768,0.317801043109216,0.04712653263241595
0.9030230532251762,0.9919185913877142,0.08889553816253803
0.5927677006721145,0.5341666985094925,0.058601002162621985
0.9099688232133271,0.8403393914765653,0.06962943173676173
0.9310516576420246,0.974977568170506,0.04392591052848138
0.07431921895174531,0.07104608992932357,0.0032731290224217446
0.7441153862813709,0.5849780238837489,0.159137362397622
0.7688735735206746,0.8590498388427751,0.09017626532210044
0.2496605034777204,0.13004861069928603,0.11961189277843437
0.17364237988184816,0.03264019174962629,0.14100218813222187
0.8972240911869256,0.8037903715533753,0.0934337196335503
0.8608766196888974,1.0373276684767059,0.17645104878780848
0.16593927819309684,0.005535575501402379,0.16040370269169446
0.113036131700466,0.2570196662196412,0.14398353451917517
0.6682790958318094,0.6593226102262317,0.008956485605577713
0.24947781797664914,0.28343433768562015,0.03395651970897101
0.7141208265830074,0.7045084321216646,0.009612394461342766
0.6811485505527023,0.754374984311896,0.07322643375919369
0.0159947704434501,-0.13139262713407487,0.14738739757752498
0.5677110771774971,0.5966017078637853,0.028890630686288166
0.6398277920747543,0.5912891676129057,0.048538624461848534
0.4525945546245883,0.476296932018028,0.023702377393439666
0.6357165755004671,0.5343437603041744,0.10137281519629271
0.18153162267398915,0.2695900565510296,0.08805843387704043
0.029518016621731258,0.12142464555009726,0.091906628928366
0.0999657511971086,0.20806057099240716,0.10809481979529856
0.3409777157020689,0.2297262787125543,0.11125143698951462
0.4522256320925977,0.43368258401145904,0.018543048081138658
0.394249381114105,0.4949030791903203,0.10065369807621527
0.8744803385346329,0.8697226920025983,0.004757646532034587
0.8318722331579694,0.7388668074153323,0.09300542574263715
0.050707465398357576,0.05098761471467486,0.00028014931631728524
0.9102842944975573,0.9916303997718747,0.0813461052743174
0.6446587371038599,0.6534728003779815,0.008814063274121597
0.2212019906818844,0.22593455206252333,0.004732561380638933
0.6772635046882631,0.9117686620793177,0.2345051573910546
0.5733928889393043,0.8098161522583636,0.23642326331905927
0.10666966129625832,0.10320963184998744,0.0034600294462708847
0.16373603886752308,0.15196969106587177,0.011766347801651311
0.6223014436963079,0.695020837324851,0.07271939362854307
0.4913072573495416,0.46254738283583974,0.028759874513701877
0.790986416819866,0.8645884658629346,0.07360204904306855
0.2634119415289736,-0.05209151149852198,0.3155034530274956
0.12988095642338637,-0.00019861527172512772,0.1300795716951115
0.6644979999198346,0.6552683328804274,0.009229667039407197
0.3893215380803374,0.521638558794564,0.13231702071422657
0.8511019040526001,0.7675464677211232,0.08355543633147688
0.03788268664345418,0.11274112546313635,0.07485843881968217
0.04176503585287761,0.17772542209555675,0.13596038624267914
0.6599370145868514,0.6107614799315544,0.049175534655297004
0.2687302933874258,0.23926063770238748,0.029469655685038343
0.4871554631556131,0.48281180885200226,0.004343654303610833
0.5958202505140496,0.6777121115816084,0.08189186106755875
0.1343547233015996,0.12707612225453668,0.007278601047062905
0.8008826613388231,0.9094291955587032,0.10854653421988003
0.26523312247953357,0.30895806384026436,0.043724941360730796
0.1334491475720172,0.2429178703325957,0.10946872276057851
0.12011162843637913,0.06332149666241929,0.056790131773959834
0.2546974609690923,0.29591610739490215,0.04121864642580986
0.013814869248342743,0.091590449124196,0.07777557987585326
0.4032198837013673,0.46549915230282524,0.06227926860145794
0.006163659124856169,-0.08671174328344709,0.09287540240830326
0.971646985280452,1.0436916371134886,0.07204465183303654
0.1588733561643635,0.30998866981272616,0.15111531364836267
0.9564702033542088,0.9348685049942316,0.021601698359977273
0.8433952598725519,0.9460963635482635,0.10270110367571161
0.8119300820121006,1.0491694670459655,0.23723938503386488
0.8947213586907999,0.8833743987335287,0.011346959957271197
0.1567264708137469,0.17006993732402517,0.013343466510278262
0.8691134108771738,0.8143660250631772,0.05474738581399652
0.7308502881619443,0.8428152331142551,0.1119649449523108
0.04944511903167348,0.01623596117534888,0.0332091578563246
0.9533570394237764,0.9719185790930119,0.01856153966923557
0.43109365028077284,0.4171884204328051,0.01390522984796777
0.11502777779435525,0.11614277982413385,0.0011150020297786
0.20798073495196023,0.05338189280093006,0.15459884215103017
0.018831302391332683,-0.06496510313604459,0.08379640552737727
0.15947463280720364,0.20489957373085724,0.045424940923653595
0.4392043330622817,0.3152602257256658,0.12394410733661587
0.6688796563743729,0.7478006866735399,0.07892103029916708
0.7116688721219117,0.5352306951913626,0.17643817693054908
0.03205946535431681,0.011354613252118506,0.0207048521021983
0.041631312081673366,0.19371433409182676,0.1520830220101534
0.5078097623892722,0.5572113399963141,0.04940157760704189
0.07229240617662558,-0.046375902319041304,0.11866830849566688
0.4188396171199579,0.3373917963366105,0.08144782078334739
0.8507417427806981,0.9117102240084844,0.06096848122778631
0.161540816910811,0.027962356651929726,0.1335784602588813
0.05785401340961838,-0.0910373292323989,0.14889134264201728
0.0919057553007182,0.19717825187293472,0.10527249657221652
0.3103794054542094,0.332810541873749,0.022431136419539588
0.044751903376092805,-0.02667263468481726,0.07142453806091006
0.852609547637933,0.9531632765006537,0.10055372886272074
0.20052030728910164,0.055135044759310275,0.14538526252979136
0.29548953214279194,0.44551966383345115,0.1500301316906592
0.283903159369717,0.39046691827996716,0.10656375891025016
0.23115783487799146,0.1335492614999328,0.09760857337805867
0.14269010016700057,0.16097048801200312,0.01828038784500255
0.9095547091003938,0.9479790791632119,0.03842437006281807
0.32617909519075217,0.41800658450965844,0.09182748931890627
0.8844002219202293,0.9152545939795267,0.03085437205929742
0.9720781145483244,1.179456781798195,0.20737866724987053
0.9695450263835333,0.8440586536832388,0.1254863727002945
0.26570099120821944,0.2561840516062971,0.009516939601922347
0.564034837346968,0.6112358437658014,0.0472010064188334
0.9436805433552571,1.1151302982461608,0.17144975489090375
0.9205778572685982,0.8577050638751416,0.06287279339345664
0.21803160759876683,0.36355830205610584,0.145526694457339
0.8622993072885067,0.7236862627194143,0.1386130445690924
0.5664372981514376,0.7668576689018233,0.20042037075038566
0.8598589000164459,0.8373246231002724,0.02253427691617349
0.20465953486123634,0.039668862149766004,0.16499067271147033
0.022623041199852145,0.1890558069930061,0.16643276579315394
0.9344387048119559,0.9540161994124912,0.01957749460053526
0.7855389018399067,0.8565412804405895,0.07100237860068281
0.5049993458538508,0.424554022229498,0.08044532362435275
0.763707505533816,0.6134050001769111,0.15030250535690481
0.11062408642102173,0.17098990914092432,0.060365822719902595
0.5062768142952625,0.35720355367310286,0.14907326062215964
0.052845383108991895,0.0482884937439191,0.004556889365072793
0.7637604226490158,0.6690450822718746,0.09471534037714113
0.7588728085883037,0.6710274108342666,0.0878453977540371
0.8854274902318051,0.7210076479699163,0.16441984226188877
0.8275157616489792,0.8642584654366914,0.03674270378771216
0.03311839094579627,-0.20660033463984984,0.2397187255856461
0.8651518127569462,0.9941069868933441,0.1289551741363979
0.8343292594765914,0.8915767014960647,0.057247442019473294
0.7450264722948393,0.6917690746943264,0.05325739760051296
0.22388665017903442,0.32433690651820424,0.10045025633916982
0.7824555475070095,0.7461093622463589,0.03634618526065059
0.013117388156444032,0.016445049822148037,0.003327661665704005
0.8826713984950628,0.9067164599280847,0.024045061433021875
0.7235614964849776,0.8045057238852169,0.08094422740023932
0.4679951090174217,0.37446985951983147,0.09352524949759022
0.13352403350029018,0.10546762602532399,0.028056407474966197
0.20929338275287013,0.2688357956281244,0.05954241287525425
0.10056552606574531,0.2501875777700766,0.1496220517043313
0.0886242507448608,0.12166900133681574,0.03304475059195494
0.06274061514973994,0.0025757303670411458,0.060164884782698796
0.2777585766936943,0.25020705445894176,0.027551522234752546
0.9987656158288609,1.0862888657213536,0.08752324989249272
0.21304588891617937,0.10686741931837296,0.10617846959780641
0.745029336183013,0.6640252972941297,0.0810040388888833
0.5569031640764753,0.5457913797555938,0.011111784320881557
0.19027189213344953,0.40334080473263667,0.21306891259918714
0.9108281587623646,0.9764372309799882,0.06560907221762369
0.4335613910552105,0.4912866636800152,0.0577252726248047
0.30042144553379524,0.16658228848862647,0.13383915704516877
0.7810510065383196,0.6494215299378807,0.1316294766004389
0.82878587282096,0.719799230379121,0.10898664244183898
0.8511578022388747,0.7917932120301396,0.05936459020873508
0.856905145656258,0.8579904178652112,0.0010852722089532696
0.9206242666280502,0.9597644689934258,0.03914020236537563
0.06505886495983892,0.07222064340152498,0.007161778441686056
0.4251795979813012,0.38829418854248865,0.03688540943881258
0.6952875805195989,0.8830698137014351,0.18778223318183618
0.09807214561681532,-0.20537202578609565,0.30344417140291097
0.08200145216767274,0.040186486844353546,0.04181496532331919
0.5295149062952165,0.4731588390741883,0.05635606722102815
0.7146665095103635,0.9313322619625917,0.2166657524522282
0.09746189140202555,0.152719434772163,0.05525754337013744
0.35462912342115627,0.2771139575295362,0.07751516589162005
0.32009361483205734,0.46308850405099317,0.14299488921893583
0.15688528586444572,0.19287637441788202,0.0359910885534363
0.29185511699335576,0.2817478898933547,0.01010722710000106
0.037473368419215114,-0.04639964847839802,0.08387301689761313
0.96756298261294,0.9550192158102896,0.012543766802650458
0.963897699947155,0.9120990165433183,0.051798683403836754
0.7033755102602162,0.6538619858876994,0.04951352437251677
0.5973104481647294,0.5851075986982874,0.012202849466442012
0.6428108443090575,0.6454259330396345,0.00261508873057692
0.5756762691716619,0.503334105285973,0.07234216388568893
0.47505854707930095,0.5398449017768072,0.06478635469750627
0.6627778445022428,0.6356926901789232,0.027085154323319593
0.29534792761525364,0.33159574058365643,0.03624781296840279
0.459783389861417,0.3964433290780214,0.0633400607833956
0.8312791369611849,0.7337665945489186,0.09751254241226637
0.4744632818973723,0.29327595616833146,0.18118732572904084
0.1283670408465466,0.17411020739537592,0.04574316654882932
0.8255278455847248,0.8664558698194099,0.04092802423468511
0.326655349604129,0.3042939013701632,0.022361448233965797
0.6720785455033635,0.6715580656378424,0.0005204798655211729
0.9074385485945099,0.8548277876884977,0.052610760906012244
0.8835200025674331,1.086924061897909,0.2034040593304759
0.9552004901227286,1.1193546145374926,0.16415412441476407
0.9122388599461725,0.9716127040822321,0.05937384413605962
0.9934990746001939,0.9862536647972439,0.007245409802950076
0.38220993463233355,0.2550399298458989,0.12717000478643464
0.17924576976405682,0.16482178813964804,0.014423981624408777
0.8287441177755385,0.7382321280338091,0.09051198974172936
0.1806925135773223,0.323230000605689,0.14253748702836672
0.2140171570818018,0.3325238766260432,0.11850671954424141
0.2966744401808993,0.30706497026259816,0.010390530081698879
0.9268800189743964,0.9049320665661684,0.021947952408228
0.18435416558161943,0.17864451197068032,0.005709653610939114
0.38595692195024034,0.3755893584310755,0.010367563519164846
0.34424772202165144,0.13492511795762413,0.2093226040640273
0.7484329536966985,0.671846052744163,0.07658690095253551
0.5540875854457382,0.34132963103452196,0.21275795441121625
0.6133841495064972,0.8529019396822557,0.23951779017575847
0.5411493334636697,0.4471211101460827,0.09402822331758698
0.3870113679719924,0.3337668448346058,0.053244523137386646
0.12644293169054177,0.16829642050662255,0.04185348881608078
0.0462380300575862,0.15347802822419104,0.10723999816660484
0.22522562068827845,0.22586107730159,0.0006354566133115469
0.7837327218589386,0.6957650536753066,0.087967668183632
0.5982105382092254,0.5979189919213634,0.0002915462878619879
0.23991914328371355,0.29405910118733736,0.0541399579036238
0.36429097893142914,0.47676148715294114,0.112470508221512
0.8296918373477752,0.8004504293506185,0.029241407997156688
0.6109527753933165,0.5018065357708004,0.10914623962251613
0.8963509755644524,0.8229025443368218,0.07344843122763067
0.6737891723336588,0.6589023732225959,0.014886799111062832
0.862007686107714,0.7994423870007037,0.06256529910701036
0.22266791727486857,0.35926195332314503,0.13659403604827647
0.21745516125933984,0.16425235124933443,0.0532028100100054
0.02098352551574978,-0.05053503131183171,0.07151855682758149
0.020761426212323242,0.10988291436272742,0.08912148815040417
0.8504707027492974,0.864194589289814,0.013723886540516594
0.9988619390903604,0.9879253260120641,0.010936613078296298
0.21411166458361186,0.27949375988911046,0.0653820953054986
0.6125013656165026,0.6242563292379749,0.011754963621472325
0.23787718143762693,0.24949636731501507,0.011619185877388138
0.34801569177474534,0.1832540216149157,0.16476167015982965
0.9871741953191461,0.950360280090392,0.0368139152287541
0.8093661270629897,0.8891687928892029,0.0798026658262132
0.7282306101403143,0.7264593077447188,0.001771302395595531
0.8322936347059863,1.0092440979882165,0.17695046328223019
0.4188246188462422,0.5376570613019984,0.1188324424557562
0.05576422697665151,0.04447214367579414,0.011292083300857368
0.7689724392270666,0.8950509314344341,0.12607849220736755
0.9492227192576627,0.9309121226055627,0.018310596652099997
0.24839903432161436,0.3620319932657799,0.11363295894416553
0.13110292229583387,0.33488387637585026,0.2037809540800164
0.08776608789434603,0.23875492513204288,0.15098883723769685
0.8813356471396353,0.9425768604609897,0.06124121332135435
0.6457199505410348,0.5984921799341802,0.04722777060685457
0.015483808400605148,-0.17753739515811542,0.19302120355872057
0.17414167026303384,0.09124706156376208,0.08289460869927176
0.8090781694020012,0.801196577816466,0.007881591585535141
0.13632920212083055,0.02097998938112515,0.1153492127397054
0.5568260938951132,0.5485267421958641,0.008299351699249113
0.070524065223868,0.1742305831988714,0.10370651797500341
0.6335412568808882,0.7527820173552076,0.11924076047431931
0.1497407859867792,0.12799482166287968,0.021745964323899525
0.04891199205382657,0.09503710421165168,0.04612511215782511
0.9978007215995938,0.9845373939687257,0.013263327630868016
0.6793224046907476,0.612720081889528,0.06660232280121958
0.2613856228968512,0.2530196351648493,0.008365987732001867
0.686636678336888,0.8144281928360684,0.12779151449918036
0.21198562658499864,0.17606121348076606,0.03592441310423258
0.6637176844767939,0.7512915903867063,0.08757390590991243
0.5924454944526992,0.6318594096398527,0.039413915187153425
0.5576876044403245,0.45945143092855734,0.09823617351176717
0.591919139489711,0.5090688935573412,0.08285024593236978
0.9647140853668165,1.0058185463933493,0.04110446102653287
0.12633402871664856,0.36552762492718777,0.2391935962105392
0.27626016189870317,0.23652314172991362,0.03973702016878955
0.23705249000751283,0.3077152972098764,0.07066280720236356
0.6714640405242546,0.6164516884158436,0.055012352108410933
0.2431187820623284,0.15404816151627213,0.08907062054605627
0.3020885980586775,0.3857912926397386,0.08370269458106111
0.22540452147544487,0.33251706539238784,0.10711254391694297
0.03541415508307155,0.07258019171806872,0.037166036634997165
0.009254709550501894,0.05537795188397628,0.04612324233347439
0.5467875346277734,0.5876639207963663,0.040876386168592904
0.7402693755493708,0.609210142630971,0.13105923291839983
0.9874676132835833,1.0741596445453676,0.08669203126178426
0.822900187886294,0.7843305739989513,0.0385696138873427
0.7238877852398644,0.5654418066075112,0.1584459786323532
0.07763989359270185,-0.03609900186500692,0.11373889545770877
0.3325767633560778,0.39522590580313394,0.06264914244705616
0.5873900215377078,0.5224486149653915,0.06494140657231628
0.9622440830382762,1.0579164694653242,0.095672386427048
0.6118500383242277,0.710610158433323,0.0987601201090953
0.7564767776566533,0.567122107001022,0.18935467065563139
0.7073688929748122,0.6891743648300408,0.018194528144771405
0.5123088401818736,0.4267693677585902,0.08553947242328341
0.4084154990724339,0.4049821215519143,0.003433377520519587
0.8765721792190407,0.9208285917877262,0.04425641256868551
0.621457370000567,0.5898288904203458,0.03162847958022119
0.250471903532576,0.0686912570867915,0.18178064644578448
0.42639673361217534,0.5816758033180272,0.1552790697058518
0.688751562958949,0.6858826888175554,0.0028688741413935848
0.4353637630894641,0.45054340668311105,0.01517964359364693
0.5516438859960209,0.4908229573568863,0.060820928639134575
0.263543957805372,0.37387785416569097,0.11033389636031898
0.5526972375938278,0.6011748993291479,0.04847766173532009
0.6657749546722271,0.5697746115095554,0.0960003431626717
0.947956121600167,0.9873337652469358,0.03937764364676888
0.3765420602816687,0.378585326951814,0.002043266670145316
0.6996501660785861,0.6704925962432862,0.029157569835299935
0.7470866887968399,0.8666002962458672,0.11951360744902728
0.01569343424715619,0.15926377516116827,0.14357034091401208
0.3239739355758251,0.37097625287889896,0.04700231730307386
0.5385712958667268,0.5842863729563321,0.045715077089605316
0.35577848362481834,0.536188640743547,0.18041015711872865
0.055182008850188646,0.04603134934109131,0.00915065950909734
0.6405775161025967,0.6021154042496135,0.038462111852983205
0.7953641075122292,0.937858347642109,0.14249424012987977
0.7067156246148616,0.7179468108885978,0.011231186273736204
0.635191430680431,0.6095754957779159,0.025615934902515125
0.44652879461972106,0.4996972353111759,0.05316844069145482
0.6805271090280728,0.8061917247212765,0.12566461569320375
0.21244719017771396,0.16206333209722842,0.05038385808048554
0.12402511941761918,0.3121509069618157,0.1881257875441965
0.22235466736197584,0.4227825594411577,0.20042789207918188
0.6891063122855081,0.6808255547143331,0.008280757571174968
0.9326946897616955,1.0064211620082952,0.07372647224659978
0.042954607301448955,0.08973446080511568,0.04677985350366673
0.1211536768588467,0.170830703870021,0.049677027011174296
0.6401006793289069,0.774061313686128,0.13396063435722105
0.5534808764110142,0.4028411344285293,0.15063974198248486
0.617464042942612,0.6936081131867182,0.07614407024410619
0.8018026757318526,0.9458052132654162,0.14400253753356362
0.05673833018768548,0.038249564558638455,0.018488765629047027
0.06144045610531634,-0.021649082167476755,0.0830895382727931
0.9126020729926289,1.0172982771652384,0.1046962041726095
0.9172794032904683,1.0183094617463448,0.10103005845587654
0.20056314195423808,0.040904485357301124,0.15965865659693695
0.1404075344993727,0.26360044997223686,0.12319291547286415
0.09188014165731695,0.20745932950710777,0.11557918784979082
0.8820767512777374,0.859294429946914,0.022782321330823474
0.6469388421998646,0.704889565027202,0.057950722827337375
0.815995491710025,0.7715820726343736,0.04441341907565133
0.9270837405705087,1.025346310528521,0.0982625699580123
0.8027404519561503,0.9180169770155572,0.11527652505940689
0.5037935441719769,0.46172717500206384,0.04206636916991302
0.1651279193338775,0.08055563155403278,0.08457228777984471
0.7150698479723637,0.5805855064992249,0.1344843414731388
0.9716057680723245,1.1311670878523263,0.15956131978000188
0.6690609826123163,0.4593436608599218,0.2097173217523945
0.08068092773542013,0.12833241321838326,0.047651485482963135
0.25977947843478943,0.21447076810448873,0.045308710330300705
0.35610065516667666,0.5218151127174914,0.1657144575508147
0.5143192252081633,0.5354694922569082,0.021150267048744897
0.1663537074745587,0.27550100623027185,0.10914729875571316
0.6983246565025414,0.7065539372964673,0.00822928079392593
0.8882648339178351,0.8609817478506767,0.027283086067158346
0.5877728618854392,0.3095808488674003,0.2781920130180389
0.33017425387047505,0.49354828683834084,0.1633740329678658
0.31401714129428504,0.38393388618705243,0.06991674489276739
0.5785750315613177,0.6082533788735973,0.029678347312279585
0.03710161641543097,0.13970646441011586,0.10260484799468489
0.7452424368960738,0.686338617052391,0.05890381984368287
0.17262142995955776,0.05254904884604039,0.12007238111351737
0.5845976642581524,0.812425117127212,0.2278274528690596
0.9350972177375109,0.9419375105717752,0.00684029283426435
0.7179005550936882,0.6071796692974025,0.1107208857962857
0.3573665093037569,0.23457302080924491,0.122793488494512
0.3049532095104496,0.2083865525405676,0.09656665696988198
0.639944292462277,0.5821187783628804,0.057825514099396624
0.11465498513118211,0.06313505180150034,0.05151993332968177
0.4841003960485255,0.4130477684920833,0.0710526275564422
0.912090269327343,0.8921591251728979,0.01993114415444519
0.7165184492776582,0.6920999016754926,0.024418547602165552
0.5050909926946812,0.4633553271868045,0.04173566550787666
0.7279743477857564,0.7250190888897804,0.0029552588959760318
0.3670207415605167,0.3436587563689649,0.02336198519155175
0.08121374772688938,-0.015049388743906697,0.09626313647079608
0.04837278145289059,0.16032327135748872,0.11195048990459813
0.9759803613034478,1.0230737851094276,0.047093423805979806
0.8767551559390034,0.8633959064143236,0.013359249524679817
0.44140855517605027,0.3319464534932558,0.10946210168279447
0.8860954139812706,0.8611995627315662,0.024895851249704393
0.653926272238004,0.8606200263027655,0.20669375406476143
0.3936105005813002,0.5064384943051263,0.11282799372382613
0.8732959179853369,1.0470365525990317,0.17374063461369482
0.5249300928202014,0.5879064388175586,0.06297634599735713
0.5894370575736607,0.598730980695317,0.009293923121656333
0.7889478741656386,0.5708891853375724,0.21805868882806623
0.4316209372209385,0.42546802567250885,0.006152911548429674
0.4721403897017862,0.47344805131180223,0.0013076616100160532
0.5674494762009419,0.6066671472063829,0.039217671005441046
0.6216519506159179,0.5735120858954705,0.0481398647204474
0.11481223494929871,0.05133095129838905,0.06348128365090966
0.0615934459531301,0.115462919630382,0.053869473677251895
0.28410785645685754,0.17322774427236384,0.1108801121844937
0.24671442116875775,0.18610268805009683,0.060611733118660915
0.04490804599144915,0.15633740042604116,0.11142935443459201
0.792236738816959,0.7985741132423699,0.006337374425410935
0.6189080511715402,0.7732547475250346,0.1543466963534944
0.28215077461387117,0.27333148093399867,0.008819293679872497
0.761110415000882,0.711143778398199,0.04996663660268297
0.712503860642894,0.6665202567988484,0.04598360384404554
0.3748291023452065,0.5441474336390846,0.16931833129387808
0.7899312136255904,0.8906609001031425,0.1007296864775521
0.32523650133789517,0.20293218403771401,0.12230431730018115
0.7293861220987352,0.7659057582789834,0.03651963618024823
0.11318202937869448,0.17257005870562986,0.059388029326935377
0.9550139979451645,1.106180850500272,0.15116685255510742
0.4494639496416185,0.47391968730411627,0.024455737662497756
0.20849519631932134,0.07413958786145605,0.1343556084578653
0.5444423177773997,0.6209573577335725,0.07651503995617281
0.030049687405725667,-0.036193340915957994,0.06624302832168366
0.45634386724724896,0.2665416566324557,0.18980221061479324
0.2295425649383216,0.21464924153119486,0.014893323407126735
0.6776015806297749,0.618469858782879,0.05913172184689597
0.3974551440151791,0.3150152852833353,0.08243985873184384
0.8065180943530728,0.7745871059928658,0.03193098836020691
0.4801911477981886,0.5475776654882689,0.0673865176900803
0.49330640453902586,0.5144905868151415,0.021184182276115626
0.7515094923739126,0.8995700946978193,0.14806060232390672
0.36390385910348444,0.20720837126795133,0.1566954878355331
0.2808970389655905,0.32202878393818046,0.04113174497258998
0.9493376949785873,1.0147373909923643,0.06539969601377693
0.2936148927985024,0.2802266037847202,0.013388289013782195
0.23680051220328902,0.18675330328922463,0.05004720891406439
0.8090444615658292,0.8653519073168814,0.056307445751052176
0.3898380581514095,0.31262004530761,0.07721801284379948
0.4118457025407184,0.35412541840913614,0.057720284131582256
0.41609079518295045,0.4300704304315457,0.013979635248595246
0.38838267606865207,0.37147356283513494,0.016909113233517126
0.7335700705361352,0.6348140910812159,0.09875597945491932
0.659529839536511,0.7754527505852303,0.11592291104871932
0.6637748207362089,0.8390179353723571,0.17524311463614828
0.8289916952409788,0.877126134298779,0.04813443905780013
0.06076582324066393,0.20667903249250566,0.14591320925184173
0.27668920057857294,0.30454830733285204,0.027859106754279106
0.564272211871745,0.7258960143798452,0.16162380250810016
0.16659580056382128,0.12333145969000785,0.04326434087381344
0.7021380749982566,0.6380860182134644,0.0640520567847922
0.6944525128393182,0.794456764472238,0.10000425163291982
0.5805546059175745,0.4820746238532864,0.09847998206428804
0.03934725978877085,-0.004276875368970555,0.043624135157741405
0.9714251917498448,1.0345207688292906,0.0630955770794458
0.9698208002022776,1.049462772603029,0.07964197240075144
0.3075342358662654,0.26582613493302165,0.04170810093324373
0.42518515230246956,0.46807259659376893,0.04288744429129937
0.6757187839158871,0.6637825194492247,0.011936264466662405
0.843914325195615,0.9626859780861742,0.11877165289055913
0.7874608858326536,0.8250306866467745,0.03756980081412087
0.44327567787855415,0.3717522303407942,0.07152344753775997
0.001791435426274468,-0.007348684347596356,0.009140119773870824
0.41861015627360265,0.47474993613633165,0.056139779862729
0.3754610186362256,0.026711473240914274,0.34874954539531133
0.30953938584413576,0.2912367448542262,0.01830264098990958
0.5737454639851033,0.34857342847409045,0.22517203551101284
0.284566181069426,0.13735311653163196,0.14721306453779404
0.7551135024598077,0.760374657751595,0.005261155291787278
0.8762596040516772,0.8967284840065314,0.020468879954854136
0.3884643873216911,0.4140029169273562,0.025538529605665106
0.5289615957716144,0.40217729054374407,0.12678430522787032
0.7925306300104406,0.7469677974091654,0.04556283260127514
0.3346193572254903,0.2918494523029316,0.04276990492255872
0.486649497682215,0.5248954122966111,0.03824591461439608
0.388178595065626,0.47666941250814365,0.08849081744251763
0.4057546621599418,0.22978875877576088,0.17596590338418094
0.33064292739733314,0.25516355187469597,0.07547937552263717
0.36173845950598493,0.37249401702377144,0.010755557517786507
0.49074237850742364,0.46848055846031633,0.022261820047107306
0.008119479538014618,-0.08911581677974138,0.097235296317756
0.16821411116551732,0.21758444195929338,0.04937033079377606
0.2355606483385967,0.25192717454847513,0.01636652620987844
0.5856950603098685,0.4831911665542682,0.10250389375560032
0.19204210164828883,0.39540139107950567,0.20335928943121684
0.8264236569305802,0.8766519008612755,0.05022824393069536
0.5562697674005213,0.5634983191236411,0.007228551723119869
0.28672829113565923,0.08259203340193569,0.20413625773372354
0.3929224823980989,0.25418889701342906,0.13873358538466984
0.6176475003116861,0.5994139253364457,0.018233574975240474
0.9736495737059893,1.0892896103603031,0.11564003665431388
0.8862004359699035,0.8843117144730788,0.0018887214968247301
0.17057741868957677,0.17805551613819673,0.007478097448619964
0.012533361515973396,0.06752898604341857,0.05499562452744518
0.961714870114471,0.8792719458240917,0.08244292429037925
0.3028659253758025,0.26388807601766234,0.03897784935814014
0.1288705471100069,0.18200484555909002,0.05313429844908313
0.4941425682006403,0.6165625979076186,0.1224200297069783
0.6142038824193927,0.6828172542519759,0.0686133718325832
0.027559993048499654,-0.01021949983596629,0.03777949288446594
0.6182003855438792,0.5822734858796151,0.0359268996642641
0.672486971786229,0.6683795078198144,0.004107463966414593
0.7483458428109424,0.6386027964331354,0.10974304637780696
0.4384717091013316,0.3478812295210299,0.0905904795803017
0.8566236859121118,0.9028160564891505,0.04619237057703873
0.13442719578725248,0.22922693121711923,0.09479973542986675
0.2956636343944009,0.3977622915860657,0.10209865719166478
0.6110490145490126,0.5746988379725474,0.03635017657646522
0.3104178136692438,0.35701917323728694,0.04660135956804312
0.1034443446594826,0.08307454442535692,0.020369800234125685
0.11949153526440537,0.1275779677125013,0.008086432448095926
0.513439392709201,0.3640986457147948,0.14934074699440625
0.6824944958587588,0.6827063403451589,0.00021184448640010345
0.9771987836022791,0.9134511438061128,0.06374763979616627
0.2575769175233088,0.10288812041842227,0.15468879710488653
0.6747211306878017,0.7002049156966537,0.025483785008851956
0.19986511922887262,0.04690749022486573,0.1529576290040069
0.6510191467229464,0.684728198033446,0.033709051310499616
0.1775124654870336,0.11820421208167811,0.05930825340535548
0.6716140149269043,0.5443073266159884,0.12730668831091596
0.14537940477715128,0.04066746127131342,0.10471194350583786
0.018364619575665042,0.04535519852251493,0.02699057894684989
0.7190590339136073,0.7244544847970629,0.00539545088345561
0.8028059389100063,1.091204392399338,0.2883984534893317
0.3364950532355052,0.40345668465056567,0.06696163141506045
0.6753540717412251,0.8722803189425223,0.19692624720129726
0.7367780066552848,0.6763039339889857,0.06047407266629912
0.5899495044596329,0.6521144546939437,0.06216495023431079
0.41435884698726244,0.6266295192207495,0.21227067223348706
0.33226645881904804,0.3388361161205372,0.0065696573014891735
0.47554517306955624,0.5585525692337262,0.08300739616416997
0.8796073603897134,0.9561027327374889,0.07649537234777548
0.95666664414942,0.8609993061483037,0.09566733800111638
0.39984141842427323,0.303388945626694,0.09645247279757924
0.7075976469908477,0.7178369916399968,0.010239344649149107
0.12681536511908353,0.018733873420223368,0.10808149169886017
0.3482725705420233,0.48879734794204,0.14052477740001668
0.38585195037531206,0.34720526063694446,0.0386466897383676
0.8697559935043251,1.009227370458746,0.1394713769544209
0.22242233727768967,0.31839889721715886,0.09597655993946919
0.2953986209740387,0.4001365349194214,0.10473791394538273
0.5258310193769136,0.6780671991857123,0.15223617980879878
0.25678566883783127,0.24953493069559882,0.007250738142232455
0.4576575871705215,0.46683106725102,0.009173480080498508
0.9150577100692749,0.7730248368059939,0.14203287326328107
0.8750124023814557,0.8187771101720097,0.05623529220944601
0.8306901488517301,0.8864552570897729,0.055765108238042815
0.9021711194124457,0.906122558087046,0.003951438674600349
0.11342086544177321,0.017491255316708948,0.09592961012506426
0.7382988110196865,0.8237089000445967,0.08541008902491021
0.931289807406359,0.9101547068126967,0.021135100593662304
0.3976596869555463,0.18582077220413648,0.21183891475140984
0.9736657707266483,0.9985283940716252,0.02486262334497691
0.09019264237993874,0.1002777417596879,0.010085099379749163
0.27458361854006375,0.28032788004687065,0.0057442615068069025
0.6344405332181678,0.7503557416485432,0.1159152084303754
0.666118588369673,0.5303880343036733,0.13573055406599965
0.04989688062832687,-0.13163452926755262,0.1815314098958795
0.2578637119758127,0.4812273010439825,0.22336358906816978
0.6397586504769545,0.6812251970004138,0.04146654652345938
0.506973098620266,0.6162062264020105,0.10923312778174454
0.704478681323309,0.7081885999955124,0.003709918672203383
0.943635509410844,0.8478192828661966,0.09581622654464739
0.0585606591134501,0.2212914927482139,0.16273083363476382
0.16890733182591,0.2955878063744539,0.12668047454854392
0.12395477641607222,-0.04752858075709296,0.17148335717316518
0.5843354037895163,0.4759074787281126,0.1084279250614037
0.6446012072820411,0.6640489532177847,0.01944774593574361
0.5646911501432239,0.5718179202663732,0.0071267701231493286
0.39693405375902024,0.4243576507233404,0.027423596964320174
0.9411344730789425,0.7273651342947396,0.2137693387842029
0.27487235896045226,0.25478327167244386,0.0200890872880084
0.053502674780479764,0.17705467511817521,0.12355200033769545
0.5413504946692532,0.5181196783285378,0.023230816340715443
0.22976285867254564,0.25007012726494604,0.020307268592400396
0.9797875122398085,0.9220347605245414,0.05775275171526717
0.8375399805437395,0.7439812473430932,0.09355873320064623
0.5649517344687489,0.6431218305703873,0.07817009610163839
0.01141765940202566,0.11963849780864133,0.10822083840661567
0.9915793438262926,0.8903611369666229,0.10121820685966976
0.8919606131027564,0.8576805565924527,0.03428005651030375
0.976267591046495,1.0104169141518748,0.03414932310537988
0.02462064089431859,0.06252320746909769,0.0379025665747791
0.11223638486268084,0.19216102176471758,0.07992463690203674
0.20449048021048621,0.044092501541117324,0.1603979786693689
0.38856448851980174,0.61216886922153,0.22360438070172828
0.41720777652781305,0.3128489726395433,0.10435880388826974
0.5385984633470993,0.6211578466128292,0.08255938326572998
0.5600915508917971,0.45468565623065055,0.10540589466114653
0.9203304663742604,0.9425473489789473,0.022216882604686905
0.22716549630863048,0.1796008585425815,0.04756463776604897
0.09352972248920988,-0.08741362276245665,0.18094334525166653
0.7280190960074558,0.7516793359452316,0.023660239937775773
0.9000682922486117,0.9318239550615537,0.031755662812941954
0.12688684659893623,0.2290525855322577,0.10216573893332148
0.846643326806194,0.8740352190959442,0.02739189228975014
0.08762685879898702,0.14738301076697463,0.059756151967987614
0.6133845760850452,0.6153458012448362,0.0019612251597910246
0.2760981811140385,0.46685273372956804,0.19075455261552954
0.7889257910636984,0.8090863699382495,0.020160578874551027
0.019978670981575353,0.20269479256787867,0.18271612158630332
0.9570269884779135,1.0051498891856119,0.048122900707698424
0.6538294238139543,0.6457547677896411,0.00807465602431312
0.7036532848602899,0.5671442956846544,0.13650898917563548
0.5438974308614619,0.47303200519579053,0.07086542566567139
0.3892920245434679,0.3851447493911897,0.004147275152278196
0.16913677977348984,0.22432062459829127,0.05518384482480143
0.409432197598976,0.4344150253838245,0.024982827784848505
0.4408609625337019,0.39926701927779285,0.04159394325590904
0.745347735903171,0.8835418810294501,0.13819414512627903
0.633187309730295,0.6882607531565048,0.05507344342620979
0.7308671062235197,0.5477135031630854,0.18315360306043427
0.38226527920966225,0.5226649131184555,0.1403996339087933
0.9827673947961646,1.0342002492281952,0.051432854432030606
0.2699702229718539,0.32472024431339214,0.054750021341538224
0.07485919304220168,0.09140126274138274,0.016542069699181067
0.552952978193861,0.43520278859059763,0.11775018960326339
0.7700805961732435,0.6664496096771524,0.10363098649609115
0.8058477503458779,0.7884367058909355,0.017411044454942348
0.4409480412419682,0.37606953395037385,0.06487850729159433
0.42077226264038925,0.3531847681854703,0.06758749445491896
0.6019722069346763,0.5600490680488872,0.041923138885789135
0.16700416736919022,0.10776545683344216,0.05923871053574806
0.5959561064323062,0.33329289224701913,0.2626632141852871
0.3399284015877233,0.5817504651068215,0.24182206351909818
0.8664115974448738,0.8089111404609609,0.05750045698391293
0.8358169558632382,0.8923065895626354,0.05648963369939719
0.6952611791445991,0.5901343439805501,0.10512683516404897
0.17908925936187192,0.0070460683269237545,0.17204319103494817
0.5735742996751969,0.5650433033028934,0.008530996372303479
0.908393609644456,1.0232535651109016,0.11485995546644556
0.08566671203048049,0.15603435406881688,0.0703676420383364
0.290591077937405,0.24752222175702898,0.043068856180376036
0.935766777939533,0.9858657548723813,0.05009897693284826
0.38413142893585506,0.4269499302000606,0.042818501264205555
0.19993151796079678,0.24267060254528955,0.04273908458449277
0.16414834659014343,0.23493848932436956,0.07079014273422612
0.4179350768426737,0.3504211495036649,0.06751392733900885
0.12779454741453167,0.20435120275871782,0.07655665534418615
0.39076935522685197,0.27460243671152507,0.1161669185153269
0.383025927171854,0.5745370382808177,0.19151111110896368
0.703383659964044,0.8729011724682033,0.16951751250415936
0.5772059980344609,0.45469654499627177,0.12250945303818916
0.5375181446906178,0.5405090877612742,0.0029909430706563933
0.9776245146936235,0.903679297166735,0.07394521752688854
0.1032609187788801,-0.027656136706391887,0.130917055485272
0.1666881696580904,0.21474306057739478,0.04805489091930437
0.26761404096850683,0.3011803568405561,0.03356631587204928
0.4488555114506908,0.4342103663323987,0.014645145118292124
0.8426872860077413,0.7789953442060489,0.06369194180169246
0.3097958201770973,0.15238573647390985,0.15741008370318743
0.09515353050775877,0.04177169112250347,0.05338183938525529
0.9549726547934023,0.7924394385949212,0.16253321619848116
0.04356029605058431,-0.08847314677980608,0.1320334428303904
0.8438045149807932,0.7549317705753712,0.08887274440542203
0.7363864777086468,0.8380364899739796,0.10165001226533277
0.22898978403926074,0.31926791373789926,0.09027812969863852
0.6032681665683386,0.7008535457407458,0.09758537917240717
0.3323071440272183,0.4637031087821887,0.1313959647549704
0.2969847684351651,0.4968312142072068,0.1998464457720417
0.3644586297655009,0.47039483146264605,0.10593620169714513
0.07855664329950285,0.005216617203411447,0.0733400260960914
0.33468318322504287,0.4040727675605241,0.06938958433548126
0.998467181938539,0.9678494422717054,0.030617739666833566
0.6508744636094531,0.5733469301852977,0.07752753342415541
0.5207432465586835,0.5988319943013801,0.07808874774269658
0.1417416870212923,0.28142139118140524,0.13967970416011294
0.11224056243679537,0.1785295444741818,0.06628898203738642
0.4113522300453143,0.35407789944584783,0.05727433059946646
0.0748284236475737,-0.09572649997972416,0.17055492362729785
0.8470071836315805,0.8934535527361959,0.046446369104615415
0.22126761063694933,0.32530239362267355,0.10403478298572422
0.9669480519294336,0.9480892689911703,0.018858782938263263
0.4242064158984762,0.48157075977902664,0.05736434388055045
0.5651083146528464,0.5327222062041426,0.03238610844870382
0.5530785477612631,0.3976645417843983,0.15541400597686478
0.40311867933165413,0.4318909493092163,0.02877226997756216
0.4525063832352031,0.4561476566065294,0.0036412733713263035
0.6486737049225468,0.8016841024294324,0.1530103975068856
0.7841783141081375,0.8732118857839313,0.08903357167579373
0.006215649632288156,-0.14487142970995184,0.15108707934224
0.2566459614369515,0.22885768741446705,0.02778827402248446
0.053908622404896134,-0.051472931400892596,0.10538155380578873
0.846121418825999,0.7644502991127891,0.08167111971320995
0.411356850864965,0.49019529962242314,0.07883844875745816
0.008607749088132444,-0.05173523455219469,0.060342983640327134
0.04275556674859049,-0.05694062116855088,0.09969618791714137
0.22868289189416002,0.1284497989132085,0.10023309298095151
0.6931726913802346,0.6980410522672794,0.004868360887044787
0.4412896355476429,0.28753050969165306,0.15375912585598983
0.14566795082351947,0.07666474424625613,0.06900320657726333
0.8097232097743958,0.8934255568186157,0.08370234704421986
0.131731777529699,0.19889761534415323,0.06716583781445423
0.24355848461441,0.29286888815749984,0.049310403543089854
0.2736341728791021,0.42786977846467056,0.15423560558556848
0.5313373631956996,0.49632280482047275,0.03501455837522682
0.2952818894205429,0.28578400440193885,0.009497885018604046
0.555427329784705,0.5871124039744712,0.03168507418976618
0.4020242989020324,0.4007775489362486,0.0012467499657837777
0.7043938832816388,0.7442958130930044,0.039901929811365644
0.6004934970329868,0.6836811099323734,0.08318761289938659
0.6277176412810703,0.57006803079175,0.05764961048932038
0.17004777246025804,0.1752763748431151,0.0052286023828570505
0.7323292294338141,0.5843084729912845,0.14802075644252954
0.15110995896884227,0.07958675224321303,0.07152320672562924
0.4317838452958581,0.43714994741174884,0.005366102115890725
0.38110589868900857,0.4631745198045526,0.08206862111554403
0.03232729130105427,0.05183969396099168,0.01951240265993741
0.4308115472273888,0.47150025902015413,0.04068871179276534
0.16032452700319244,0.13197059939161998,0.02835392761157246
0.9647815928488918,0.8911196821026167,0.07366191074627504
0.987557254185409,0.8733792054638067,0.11417804872160231
0.8748364988375161,0.9466380780703033,0.07180157923278718
0.7596712617351296,0.6872339441904272,0.0724373175447024
0.49843453297695706,0.6212960812996764,0.12286154832271934
0.226359374442764,0.3102025666805978,0.08384319223783382
0.8841007610166596,0.8626240442842503,0.02147671673240925
0.15523698843143807,0.1571340047857251,0.0018970163542870178
0.025746780032826044,-0.06142588262610882,0.08717266265893486
0.46784459145219426,0.3734400790006405,0.09440451245155373
0.44750074197208456,0.5311259886100804,0.08362524663799586
0.6159284486038257,0.5215031984890974,0.09442525011472824
